{
  "2": 0.5611739164280833,
  "13": 0.5297337289274417,
  "18": 0.5197879359700133,
  "16": 0.5167963973997362,
  "6": 0.5218415781963844,
  "20": 0.5124836547891468,
  "25": 0.5128800738556836,
  "31": 0.5134343408002364,
  "4": 0.504176826870133,
  "11": 0.5001377562265814,
  "58": 0.500600106685633,
  "7": 0.49896987732787523,
  "17": 0.48767521203567954,
  "15": 0.4858652278986118,
  "27": 0.4941991486520324,
  "10": 0.48006555877420337,
  "3": 0.4874988538068894,
  "52": 0.4761527187102045,
  "50": 0.47573819567288067,
  "1": 0.48043650968795515,
  "60": 0.467821455878088,
  "14": 0.45960668633235,
  "12": 0.4661125623367371,
  "8": 0.4609842528924456,
  "35": 0.4639624882263811,
  "19": 0.4579845219272697
}